title,link,company,location,salary,contract_type,schedule,date_posted,description
Analyste développeur - domaine flux (H/F),https://fr.indeed.com/pagead/clk?mo=r&ad=-6NYlbfkN0BkX6x_KDzU5cVhaJujbQSv-MpOfS5CSZEJMKysooIe0IxdpkVhketXUf4OSLHMCUnOJ9nVHBMjyJ6tseDPq1mqs3Zpegadl4vurzYMcSTj9BLTGrnsoELp6hknyl1Uq0ZURrgbR0Cwo9GAn-J_wLkAaofKSbfTosWFq1cWNsa4MBw1Yb_GCgzV0JCqOSPoU1FlLfYoh2qgAO_NNZgfREFLeJv0xQGflGj7Wtu6p3vJq0IDGxNt8_9iXhDHqERyqyO7R_92RVA6M1ZNitKnpbR9Ss077M5OkUnaTFo-8Um3dNCEtFUH7fsB4rGmWx-xha86MDnNC2xULW4IvVkQlqCQ6WFEZOAAstTUiRE2_JWZ3OmDg73f2f774dbuGD-NZEsXYrl0p5-YA1NwWXVX5jkp2kq2RJs96NP0Za9gLvmVX-Z_yPY5dW4ECkeZxY0RUe0jJ1qdp61v-xA_ZTOMsOWR-hgN5wG7TUUAYalzfaD18P3TdzD4DZEcXLAiP9YFjdWslKXJTYvkUhN5OG-D1a1ioXfUP6ycy6fSsXQHyvv8_dQSQprwy9ASQYlQFuPtE9G5yPdawV8Ku793C6W9ScJDvM80XL77_D-RMz8DFSKONTm1fHa0rQZKBRevbrsn3T440HDf6HFRmGR0zymsD4bn&xkcb=SoBF6_M35fvrj4WXRB0LbzkdCdPP&camk=H-lBaXMUocKVqsP7bEAzTQ==&p=0&fvj=0&vjs=3,EURO-INFORMATION DEVELOPPEMENTS,94120 Fontenay-sous-Bois,35000 - 50000 € par an,,"Temps plein
+1",,[]
développeur Vue.js/Nuxt.js,https://fr.indeed.com/pagead/clk?mo=r&ad=-6NYlbfkN0CWSbBUFOHLsqrbqJvHgqrhuI6QTZ8iuqtPTR_zkh6rgLnTDP2471iY8koXiVQaR_qC3Icg5uOZjf-Id9wy8svHgsPE8ugG8aSIdtT3sIcwbYpOq4yKMNToNBTtD4mugtfWi36S1Qgu6Eftw50IoQdVojvgDrxiszLeLzQdf53l2WFiDhdidUvI0EcRKraAYEwPSRZM63yBpRrOQAd38QoewpatLa4NqZi3yke6HNkDpxzUf9tiTffmkgzW8o77S2FFt2eAAnGi9RSa7wOwDfnPOB0y7ll7BwZwdhIR65Ut6PIGGiRjVDUpvcQ_xFMUwKMxfx5Pf8IszSkvrNXXTZYf59mxcXQijLAZchjN33xa0LfheH9r_8oQ_uWABb9kqNeePf6OfEASizUg0T5lmgxT89DSQZlqJ11x6obeZcK7f4fHM1fRgQgGJY3Ck1Xc9OCfkGPYVX6EXHherX2QPuJnkEKi-yC6JelM6ZVLJrpzccsCvEwOV5gRat_gZiy-_VV7of0a-HtYlX7n0QqEGoWw6xlaZxHzLMOS5ZRqe6QL0P0sDahTBjUrbSu6NCbCy0GS6QjNikPQnLFDjOpzNb3cwW_bbyrx-JAjf_0VBGoXEkXPNDoJKE2Ag6Qtm61viTmZtKp8W024-rjzOKvznW3H3L_NoCzJB_yGjX4tR7citA==&xkcb=SoDx6_M35fvrj4WXRB0KbzkdCdPP&camk=nUmJqO2E8rgaelOg1nzFoA==&p=1&fvj=0&vjs=3,Captag - Scan Match,75020 Paris 20e,35000 - 45000 € par an,,"Temps plein
+1","Employer
Employeur actif il y a 3 jours",[]
Développeur Web - Back-end & Front-End,https://fr.indeed.com/pagead/clk?mo=r&ad=-6NYlbfkN0CkMPf9aENbvL16OyfdutsPdAdD6v0l391F0ysgE0IcoFkDxrh_2ko0GFOoPfEAa6uIa5YDBeDb7KeGpIO0J5bmPLDquAwtBENX4TzcUZ_j1yFfbCoaVLhsVMc3ZSMi_yaK_maThI8clesS7Sn3SARhlIoC_XZUnkRsA8qtedEF8PlHTBbEKrZVcY2whboBY0OqpBWY3d7UtJNc0LV71utnKZhGMH9QMfjItGmsV2lGfPlKd4qVoahblOh_nag7ymb7tdAKP1TTLt0SBaAX4aFRmGqtCzC7c1NGNUWpLvp_uR5zrA1JokzmoxHIQdFY4VkIP-DIPiDjtysI7rWcUjVV_D-3BdySyxmIif_r8zLhLyrBK6MQDQhouZgxY_m19XEK3HD1N2WyZGwtk8NFxkH9TAP9W69w9Hub43oNZoGRE8SCPd6OUTJmXWeFnAh_8fyHocw46vveIQR3kkxBy8up2Mx3CZftayamIoaH11o5hY9rqYE8KenHU9v1AohCCPqQvEnEn4QRZC36wC39iFVdEKdc1uGRvXcIg3dU8P8vJ5TxtkEU6fBkwKWsz079mEDPD425SjQ5NRDNztxkrq5ETLh2RG0jX8ycRPckNe7ofciSiz41sWQRA9vq8YkP6od5-CWwhPEfWwGwZwfTCkUdsJ3Mtr2pJGa9u0tXwrP7FZLnzlSk-JtL&xkcb=SoBW6_M35fvrj4WXRB0PbzkdCdPP&camk=nUmJqO2E8rjf4bg1CjMFoA==&p=4&fvj=0&vjs=3,Yutopia Meta Campus,Paris 11e (75),2096640 - 2096640 € par an,,"Du lundi au vendredi
+1","Employer
Employeur actif il y a 3 jours",[]
Développeur confirmé Front-End VUE.JS / PHP H/F,https://fr.indeed.com/pagead/clk?mo=r&ad=-6NYlbfkN0BoVfjObgkWXpqcvZQp9p6Sk-k45b7azfQoLvhkoArBplk2uPEdhkjLgcv1sp7JVeNTYmBCkzv1I8hDKVwu3lGRsBnKMVBJoAzHfZ1LSC7rniO2DeQ0N-V1Ps7YoIeCiZpBeZnIN0zRfY-WlU0Fsx9kNfc_xT4Ni2WmvTPOxCDHRDt4GhY9f-rgofmYwKI1Cme8XF39pCwQx8x6ZeHl10hjmGSDEG6tpsKQITyBC769F80ZfIPd85jd6Xiop42_R1v8cB9IAgvMLe9_ng3jnmeunnEWRmlDqSJ0du7nDpykmbKtPMdFFWE-zfeUgXgcnivmlFQ1_fiEIyJiImQ9OW6CiQc9KAFUaaD8SsbZd7wAupnHDf-u2grqJ8o6IQ3tsrfjiIWGN9P1UpthxpkE9IdISNPP1epTl8ro1UPh8iRd15KRQniKNA4TKgKAb_O-SICFRLPUkvSe2aY8W31E8R8OxB6WnI6KPuhXbErhtsA92_Tv4T6qyDUFXYcSDXnMR0bMyEbe0WkzH97nzPTVErTppcLRdtuyaUN6CXA2N3yYOEwkof1-Z2v23jqvXYEkPBPu5m6SCJSZ8-70BLzCgk5faawwDEFOGhd0NYU8-LIHDbb132JLSgZ2fLRM4WzGY5qOA-xGXYkPfb92qXlJ2v06&xkcb=SoAL6_M35fvrj4WXRB0BbzkdCdPP&camk=nUmJqO2E8rgQSXl3TpWmew==&p=10&fvj=0&vjs=3,SYSPERTEC,92210 Saint-Cloud,50000 - 60000 € par an,,Temps plein,,[]
Développeur Full-Stack F/H,https://fr.indeed.com/rc/clk?jk=dfcdfa4a816a635f&bb=mHVq-ugcJnIpfTka0FBLUHO3N74EJ-TNgN76wqcqWrc5fk03MlKC91WWWFMzVxoBTrTT_LGnqF9lBWH1KWx7vOx4cNvx7NqpgLI-RLy_cF1LFi1HOTj2BTaFJs0x5yZs&xkcb=SoBx67M35fvrj4WXRB0GbzkdCdPP&fccid=ef1c676e86d23c32&vjs=3,Bassetti,Paris (75),32000 - 42000 € par an,,"Temps plein
+1",,[]
Développeur Full Stack H/F,https://fr.indeed.com/rc/clk?jk=717e24b10d3304e8&bb=CtAvqj9bYPYX3xa1TtFWJmaqu9rIkTaGTOF_wVSEH76xKmDgVvJBNGLoJVMUsRrXACH84Zes3dCgwiFMEkcMe5aiAq8Hc-DzVy7GdBbqN4cMTWts1bQ6ngRZhKnhh9Je&xkcb=SoBW67M35fvq_s2XW50JbzkdCdPP&fccid=e283cc7536d7a4bc&cmp=INSTAN-AAD&ti=D%C3%A9veloppeur+Full+Stack&vjs=3,INSTAN ARDH,75009 Paris,40000 - 65000 € par an,,"Temps plein
+1, Du lundi au vendredi
+1","Employer
Employeur actif il y a 3 jours",[]
Analyse Développeur C# - Tech Lead Refactoring (H/F),https://fr.indeed.com/pagead/clk?mo=r&ad=-6NYlbfkN0BkX6x_KDzU5cVhaJujbQSv-MpOfS5CSZEJMKysooIe0IxdpkVhketXUf4OSLHMCUneiy-7A6i_qw-YPivWFwxjkeglhSJuc1DFAgSzA3HTFJjJtiErZtfZ7vRjt-yWLw0KrkbDHyrfQK3BwK1QcBSNcGQVddcemkZG4mhpUt75RS-kJFZlELNRtQeaf9JUb3s4EFKCwKaVukeKQJhseC045YhyqL5eMqK55WyDLEYSL5LbFrsclrQ-Td2l-cCf8wY651EYvSqUPUFU2NViK6BeCVEj9gG22oQ1AxoBOeQHytagM2rQCXkD3CVB_VfvIOPnGTSRgrpAI1KziAFdRByOv9Auavto_MkHw7nmOaDY3_jwEldhIWTX1yklDGF7vMxw6riKdndqIZTCrFUomlEwNcAGUzxP8m3Ifq6TUuR0hBj52nMMsrgS0vucgDOriqkfli89nVNqYxMNRWmuR5WIR4bSlZqaz6WYJQWwlHbsQ6amonJEBavPr9RksRyPjvPrcGMxM2_uKFZd3zFiEJP76U8o8FMjrQLoNWI22iK29rhZPOJ3hEP8izlDp995_5Ak5pdx_MdwW-VxxHh_WiE_vWLeqrtVZtP3ok3A2TKvkCtSleVjiOBZtXqBvQG-J6gRMONRaiIqgEG_CRlXgbzS&xkcb=SoCW6_M35fvp_JS2qh0LbzkdCdPP&camk=H-lBaXMUocKVqsP7bEAzTQ==&p=0&fvj=0&vjs=3,EURO-INFORMATION DEVELOPPEMENTS,75006 Paris,45000 - 60000 € par an,,"Temps plein
+1",,[]
Développeur confirmé Front-End VUE.JS / PHP H/F,https://fr.indeed.com/pagead/clk?mo=r&ad=-6NYlbfkN0BoVfjObgkWXpqcvZQp9p6Sk-k45b7azfQoLvhkoArBplk2uPEdhkjLgcv1sp7JVeNTYmBCkzv1I8hDKVwu3lGRsBnKMVBJoAzHfZ1LSC7rniO2DeQ0N-V1Ps7YoIeCiZpBeZnIN0zRfY-WlU0Fsx9kNfc_xT4Ni2VXVKUDT2F3Z-gEIgUILKEBrq7zA21bcQc0bY1P7tXWyQh--P-Dj1wt5kpCP60ad0mKoORL4cKhbSIfNQ8ZLzd13sy2LLlCOWSfoLsTE1Yj-92PiMfH2BShjBYzh4xZ1n5znVD7PJp3Gdjnu2kduH0G28l0ZLLCWFymhjzQtjTmmsvAaiL7bz0qz0kuTaq5Hg3Zd-R2G4zRA6iOb-CZZe3AO5eWw56-bHOh9HK9Cs4QG5043iGAqkpIfVX4zVSjip2qrMiUC-h6HHJRCHmGbt0ufbhqEIowLGx2xvqU1Qr6eThe6e_hrfsTc8fcay-LqLnXLhWat5jF8B885IwtaYwncrf0jDBrCT5cQqBJn0pkLd986NERPXY6uEipCurnLUPs8nvhy3KMY8dRnkd_gFJkRs9QWGhL0Xj-eTiUnI01IeAgSreCjy_Tnuu-gjNlh5lgbZJ1o45VjyVSf_ms5p7HYJOYKuJlap1x6rnIbctySDaTYnryP3fd&xkcb=SoAi6_M35fvp_JS2qh0KbzkdCdPP&camk=nUmJqO2E8rgQSXl3TpWmew==&p=1&fvj=0&vjs=3,SYSPERTEC,92210 Saint-Cloud,50000 - 60000 € par an,,Temps plein,,[]
Développeur React/NextJS (IT) / Freelance,https://fr.indeed.com/rc/clk?jk=b81e157727a72150&bb=son_rYZN1lTOldsjaWdJE4r5NUFF44ploYZo30lF3_iHy0itJR5UCtuH_1sR0T-xu2fzUmtcg60Zjx3QFlPcLJMZPF4L5sjy3ATuqTGmAKbzzK_6MTZNig%3D%3D&xkcb=SoDF67M35fvp_JS2qh0ObzkdCdPP&fccid=48a6d38f02ae704f&vjs=3,Cherry Pick,Paris (75),125000 - 137500 € par an,,,,[]
Développeur.se Backend JS / NestJS (H/F) (H/F),https://fr.indeed.com/pagead/clk?mo=r&ad=-6NYlbfkN0BEehN3n_091HZkV2r8efFyqKRev8jkEGDnYflkhCDjjeBIqTr9ifxkcdw-B4xjX1U-wmV5bvZzbDVMyvCbmww0pmh_8WlS6QgZKIF1aJsZx8hnPGFUWDBp9NybdgF9MW13-SR5m1DTQVkrTz7rcFmt1rTWd52GYNISP1unGLKogqfCZxy43HhvIme6HBT3-DDK6mnzAHG1pdyQcoODxsYSFO63m3KVQNVyDGpwaqIq3W_etVe0quXBMDtO6xgMUyxhLRtU7PDc1wgRC-xHrWxvfRpZvCjQAuW_kN3oAAFN4xS4UpbiRVL32A7vnWDYJ4haoydUmyDW1Jg2vypqTFrIU7sp1XjkD0xPQnc8v1aZPPmFK344EXgmdB7nVM_6504Eu4zlS0h6udu2DYAERa4cn6WuuZSSshUavcv1RyjIU3AhaE-3rhXvo7EGlzCL5gxPXaReKbL0CBuM0L1w4Nj5dkgqVYvaunKBcZ71IcqssXOe65w5RrhAPCDIlgmJ3eDLItX0m5Uez8v22D-7g5srFuwH9_EXjFMRKy3LyKA1l7BrU9ncOQdQGmaJST-v5pMjE-AOY2zM8tT9qc-MfDkAuTMLVLS1wq4b7bNoaeBtjT8pmBwRBuvHWvuyKBkRC3kDVUjE4BaWym-ZfslbVC-0rUBiHyynxvd3mQPz3eUjp3KVbd_9uajypZpsN7RbhaG4wfe6aHvOftIvtxVkO058CATK0pU78VO2r5p1df_PioZoYsEtfZfD5Ow2AbK-Xc1V-7L5jPM5Qr22nDpjS0dQhZ0tEK0uz8A=&xkcb=SoDY6_M35fvp_JS2qh0BbzkdCdPP&camk=xqnMBGaf-K8TeTDDd1fZoA==&p=10&fvj=1&vjs=3,Uptoo,Télétravail à Paris (75),40000 - 45000 € par an,,"Temps plein
+1",,[]
DEVELOPPEUR BACK-END SENIOR,https://fr.indeed.com/rc/clk?jk=289086a6800b4d4d&bb=6uIClXW6V_ZyDta8LQX1XOiPO55ixZByrPEQNmCCzmbbVuni4TbW_R4bmHRj5UP0VDDn_jpvMgpUkJ8i2MHr65Jo8m2AjHiJbsDB443N9BnH98SxA2kRIfcTB-U9qJ4G&xkcb=SoAl67M35fvo9GWWb50IbzkdCdPP&fccid=4839e747528a8aaa&cmp=K%25C3%25A9oni-Consulting&ti=D%C3%A9veloppeur+Back-end&vjs=3,Kéoni Consulting,Paris (75),24000 - 48000 € par an,,Temps plein,"Employer
Employeur actif il y a 3 jours",[]
Consultant Angular H/F,https://fr.indeed.com/rc/clk?jk=5cb2506387b631b1&bb=6uIClXW6V_ZyDta8LQX1XCo7PdzZ4lMgdpxsXhYSAR2mqOm_QmxDivXICKcx9zQJmGzKjFY8WnFwFoQbD_he-3bnzta7hus5JlqTzZtr2N1tFgQLOT2zT5tSplbL1w4g&xkcb=SoCr67M35fvo9GWWb50PbzkdCdPP&fccid=88a698f20823af51&cmp=Mind7-Consulting&ti=Consultant+Angular+H%2Ff&vjs=3,Mind7 Consulting,Télétravail partiel à 75008 Paris,50000 - 50000 € par an,CDI,,"Employer
Employeur actif il y a 3 jours",[]
Développeur Web et Mobile en Alternance - Bac +3/4 - H/F,https://fr.indeed.com/pagead/clk?mo=r&ad=-6NYlbfkN0CkMPf9aENbvL16OyfdutsPdAdD6v0l391F0ysgE0IcoBh8InPwFjaKruZPnP6RIYNLmixn6bSODpausyU5li57e_eF_RRk8mShqmgPqOiJDUXgEVHeHFjWIVb1nx01UtudQD69tM2lVSx0mdj_RnY5AlQI-a6GJiErSFT9d5v1wTqLtoBo9g49MCQDlofZ_2zy9o89K9Kgfpq6mepZ7cNKwoF1d_GgKmd4aGyOvafqwaHqp6b0HIKeWqFbwlWoWNefwsQmMVRlY_2e3bcwB82xzywjgj0G-uHOV_YWFSYa92X3kdULO7ZRnPdo4eDVI5Yt9X6ed1nfpHMVukwYfigUC7zNCe1doQgcg-PFSlaV9R6uiIwI_ff4UG44hNCwlC4C1MFizTwxBhnJrxQcRa76h6Mrv-GDXVuj2a4cAJe9E_JWYV8ohFzlyb0tRC57BgYRHiUU11eES0vBU3zcaa4E1e7n8iD-T_bmH10XbNoGAUJDBpv5hT66kzQzVKSegYpKjtLP5XDz3UQwvVnUCGDGtQH5tYIiNzrtyCdJ7Cc1MCkLWu45AsXUax6XJkmsam62pEiEOczYLzFpXS71E_72OBN91WdQJYmcHWccMio0cqyleTgdAsXY_PPSSYHf0xNOaZ04evDz0LSuwwqtshYPj4gt_rMTA8Bn53npowkGzBYhccu_A6eRD2Ul-xdFRgiH2pCwOib4JIPO-g1ItYqN&xkcb=SoC46_M35fvn7f23Vh0LbzkdCdPP&camk=nUmJqO2E8rgqmHe1NtgG4Q==&p=0&fvj=0&vjs=3,Yutopia Meta Campus,Paris (75),18000 - 18000 € par an,,"Temps plein
+1, Du lundi au vendredi
+2","Employer
Employeur actif il y a 3 jours",[]
Développeur C/C++ - POEI,https://fr.indeed.com/pagead/clk?mo=r&ad=-6NYlbfkN0Cy5VedT9Ao5s13i2Vyons0L7ybZue0flb2bX4FPtUH1F7e8Z803oT5P04UdezdUcFkxq60s8vX44k2zq93YkmSpFbjPN4BEXubWroqD_WTwztzA7JFoRrAskZJZC9NABlSQETUZvk-uQOCIfZviOXj8Kd_-fKLi0s36BW9TT2_4tmdG9ViLwySrJj5cOYzY3HOTCdnWncXThG6YjhKfSCbNAeiLBt1g522ds1NfXF48EajyDhDZk2Ry_aM0Vf7Ejqgd8z0itaUyMp5-qnoo4hqYk5tu3kUk1RRlGbhvyyfstK_wkizJx2wuKjhd_HD0VeD485am1Y2EXDfg06iCQZ1a3BAjBn8e2ZY3Q3W0xKk4yQjEBlFSS-BgbcPUq6Z0RZNahENtz-7HHOF0D2fiefN7aH2Zqzph0BpWWI4vs7K6vV2ofeowADj4DGNFicKiSfcFTdVRFFAzNbZaUg36YczdGVjmJh7pLcjy6eZzvh98-u79ErqUuLV6Q7A8ltfKJXBWmCgkhd5vE8Al4t9FXhlsvJ6KyYWW5SQG7Lcd4ChiSMK6OvEV6ONSXySe_qjWPrYar3mLrEDl_LZUAF7i9LCtjLpIszFdIX0P4dWml92rIQ83RZeL7aoNgvmIK1EAMBAr291jFJkOj6gac-W9qpxJppCTarqbY2KY96YhqKfVQ==&xkcb=SoCR6_M35fvn7f23Vh0JbzkdCdPP&camk=nUmJqO2E8rhSiPNC845N7Q==&p=2&fvj=0&vjs=3,DataScientest,France,35000 - 50000 € par an,,"Temps plein
+1","Employer
Employeur actif il y a 3 jours",[]
STAGE DEVELOPPEUR FULLSTACK H/F,https://fr.indeed.com/pagead/clk?mo=r&ad=-6NYlbfkN0DshJXbdCsD3wDvr8SxTUHeWS7RqBcCbGLPM2bh7Ilw6avv6-1URM9BZckx6V8-4Yv2bTRYMKC1TZLTNq1iQW3vEmd7OFmrEl1hTsrulLk_r1hjNg-ROulPTeZ9eVMKPJrBvlGHDP1jUJTa3c7olsFWKrTrgwyfrE2S9D8BHJM1qLuJKH3fAlWDa6Nj03OXS6XSeGC_rZNqFJkC9mOb1H68JnJ1Qj4H4PZtFfkNTwF9id-yXMAhtSyFPLeLfjfJdzo8eFUA1b212IoZLilPN8Jyt1S3n7ks9LJ9JMygHkqhNRCgsJfZnmwtVny-uNLYdRZwa2S5dqexC1gXBxU7uGZDEOAEYGY9iebzxVlZPWon9Xeo7wBXmh1QmHLd-bvheP3VQNyY4oLotvIZJXj9CrGWcPjvMkrwi-ixieK_lHlDaURFURv5V9om1Lz80qSv6EMfQ2sd2M0C4tAnotD_prRB-R5pSpT_BnPib8N4Rkk6HoRJjnKCYtJy471GHtttiarxGj9oQVuL4lyJ9T114q0-hMq8QT3CR85qwSR5LyTLnTQHaha8nzE8nKShHvZOV6AZk93kT6h0QR-O6FloiPlPC19qzo93psefQ6G7H0Bp0Sk3rkROiy4ircwmYRxXrZjanJCqkzOUdi1RL5AzV_SmXNC3Upo5xGc=&xkcb=SoBs6_M35fvlQd23WR0LbzkdCdPP&camk=nUmJqO2E8rh26fjfT1wA0A==&p=0&fvj=0&vjs=3,DYMENSION,69007 Lyon 7e,8400 - 9600 € par an,Stage,Du lundi au vendredi,"Employer
Employeur actif il y a 3 jours",[]
Développeur web fullstack H/F – Lyon - CDI,https://fr.indeed.com/pagead/clk?mo=r&ad=-6NYlbfkN0ATDq3SpTbFBqWPL3ebiiaFQexrg1NwPQX1ncNd2oCNnKT5g0y2VRgl7Bnoo2PrwKGVVXdxbdEdEknrIll-pME2UpoyiiRePl6MrEuW9Ct74UgsdZWHpb-AQ67sLwYkvKvx9OPWYJ8_YOCt04S6R3tFhMP6UJ2_jUvlKv8i9YQEejxPG-8iScPPir1iAN3kUiw3qyfyIt_bR0eXymxPUystkKSTib7d-HJcVZQio0xTY7twmCwqdd6IAWzb2ffbZyJXjkH4FeViwnCnx9EJY3WoBVg2RDMiYYAF8Kx5pG_GD1oDw1M-gTHwBjdsuWs3XrwBzZ3z8PJnvUc49YUaFGMaw0YuY0ZVMm3xAv6IkgsKn7bpjceeVlNu1MpDF9J0j095Hc_dLNnkzAIdh6AhS9Gek1zfkIpDCMS-TsR59CXOzwIvrjCYSAfhXUnMdGw1yPVQuDd5uYPFPrlKyQ0deI0GHckoourllAgsuN1RcCsxhU9mFgBK-Xqq7Z2G9CHZBvd9rZjhwtIq2vAiKQm3IwpjJKhhpTZtsvkshEtN_9FntNDT6xtac0WFjAMFrophtlG1D-xkjF1VHvK18lJdwKuKcc_rJxXAip4cQirjmhxhZrX8MgXbp0992Kn-4TjyDIptXJ46Ietid58kJT4iAajZCcrOSJuxFCAob33Ht5976tJgZrSNxKXy&xkcb=SoDY6_M35fvlQd23WR0KbzkdCdPP&camk=nUmJqO2E8rj6eibOeKW-iA==&p=1&fvj=0&vjs=3,AXOPEN,Télétravail partiel à 69006 Lyon,27000 - 34000 € par an,,"Temps plein
+1, Du lundi au vendredi
+1","Employer
Employeur actif il y a 19 jours",[]
Lead Developpeur PLM 3DExperience F/H,https://fr.indeed.com/pagead/clk?mo=r&ad=-6NYlbfkN0AmubBfoKcK7BsfMiws_7oZwX8w0DZlVtPJgbnVPprUUHQOvhITUJb64qdlglkQWIVFkGX1EGMRABtjUdWB-jvXDoyi4pkEZmoNQ4TN4Jy9QXLKU0G8gpmI1hmj6L_3svhWUplMZ5Tz_x9pzYR2sLBoQO0kgMr0OiCBlnFjfs_RJ24r4W4bqCFTNi2I8Jh62YZ1paVyH4Q1pMFicWSRLd1V3jP4M3wG8ycTUuIwUXpR23DD6YN1rK0L3T4D0Cr7bkFsP5oEyxEerLx4kmoJQKA5pE0bUeg1gLGFX2arr3BXnfIvWv2A2Jiadqud5FPFjBxSla-rP2b2-B7llWHmCbeTderDILh7BCkf9tmlYIWOLU0yYEgwAndmUrXXUcbpY_dudYd6jblr1X0Ulydvcz3kq18U-i3Hk1DGq4Ae6c2OhIxE0e7vp675oL_jlFeEyQrZ9TGvivFS6ySkG9n5JUYafCyZw5ISpXZ9ANLdtY58p2U8KOuzxXyvHJuVdO3IQO_yPSmldpjeJc5Wew35vwFAeYesKGyHZjKNeyMmqmHC_H2nS_ZidKKS_O1v7hngjY4S4akx3e-vwGCoiaxxtN5xYOIMdlwIfkHtUUTXm66eOUo23nka5ENBN-LzXxvsph_nswhF2Mdw-CHXPOKLk1FqVGwaiLLnJzCu9O6BiRG-XX7THX15o7n9JAYvP69Mk2QsDVbov-yfP9_cDyrF6SHD4DkccbfoUKbgC-NPr0pRLCJ0skOJGbHw&xkcb=SoBF6_M35fvlQd23WR0JbzkdCdPP&camk=H-lBaXMUocKhNeEmQHADNA==&p=2&fvj=0&vjs=3,Framatome,Lyon (69),50000 - 60000 € par an,CDI,,,[]
Développeur C/C++ - POEI,https://fr.indeed.com/pagead/clk?mo=r&ad=-6NYlbfkN0Cy5VedT9Ao5s13i2Vyons0L7ybZue0flb2bX4FPtUH1F7e8Z803oT5P04UdezdUcFkxq60s8vX44k2zq93YkmSpFbjPN4BEXubWroqD_WTwztzA7JFoRrAskZJZC9NABlSQETUZvk-uQOCIfZviOXj8Kd_-fKLi0s36BW9TT2_4tmdG9ViLwyS2TA5UITWHpdnMZzmbVKrQWVMjrp_Jtdqc3Jly66IQR3aHw-ZzB-UIyWfyWnuswp4jkw_W56t9Kzj8lmyFzGIIuzbU00hsRKoNDirX7Db9CMOborijdrO6SS5oRFG9pKUo2iSNBqNeoEFr-Yzvn3S3PcKn2Q1hayIa0spXrXmSvkWyJuBXAyvZK2HuiRoAFKJrxZsD89aqOu5Y3_WURmrTnOoS7bwSoA2F7w0MBNNL2x5TJoJ7vJBdGmnubAmTrxZFC1FotWPXL_c23uFglZtyAVZCmXDKZ-LUH-hniNL9xN1Ga2B08HrCfO2tPiMyXRkDohzTW0C0hKUm6Bc2K0qMPYLm6eE6QqHt6OvywEKtHZGJ-HW8v2T20-SjrcubrOnHoNl1LmlnR_bpXV0v8v0PcleQFzZQepzF1iBqGKKpgQgA9UUIEaRoU6zDPGUY7stEwgJLNI1olqKdbprBo1N33nQLZVVUUDRNc9Grnyur0c=&xkcb=SoBW6_M35fvlQd23WR0NbzkdCdPP&camk=nUmJqO2E8rhSiPNC845N7Q==&p=6&fvj=0&vjs=3,DataScientest,France,35000 - 50000 € par an,,"Temps plein
+1","Employer
Employeur actif il y a 3 jours",[]
Developpeur Java FullStack F/H,https://fr.indeed.com/rc/clk?jk=92b4e13037846ab9&bb=mA8OtyW__0kirGG53_yVlS9lmLfKMly0tWEwSe3xIeZU8VZOunytC5QSllErvd-xUvdTi63xUZ605mUiQx3PaDxGOgUorhiRtTOaEkZllH6njV_S2yYXdHWYthqfgCw6&xkcb=SoBi67M35fvlQd23WR0AbzkdCdPP&fccid=c4f84e8eaee88ca9&cmp=jeremie.sanchez%2540ikigai--groupe.fr&ti=D%C3%A9veloppeur+Full+Stack&vjs=3,IKIGAÏ,Lyon (69),37701 - 48540 € par an,,"Temps plein
+1, Du lundi au vendredi","Employer
Employeur actif il y a 3 jours",[]
DÉVELOPPEUR PYTHON (F/H/X),https://fr.indeed.com/rc/clk?jk=bde870fc1020f5b5&bb=mA8OtyW__0kirGG53_yVlQ2t4-UFfo03L8RaMdwbQUWnqoiM9wrN6cdOlDZz8A-sclSldCKoCeaKexIeDtQ7723u3Ox83Ro9bI_X4sBVylVLTZLjYxo8v2639Xzn09MH&xkcb=SoBY67M35fvlQd23WR0GbzkdCdPP&fccid=63e975a4afe8b106&vjs=3,IT link,Lyon (69),38000 - 45000 € par an,CDI,,,[]
Développeur web full stack H/F,https://fr.indeed.com/pagead/clk?mo=r&ad=-6NYlbfkN0DSiEw3f1b2l2mCoczKjF0Cl3RHImPYAizZHks9Slx-Yg8DT6rThlOzFZcTsQqgcUDFJSaV_SkYL3yY7as11PhrBIiBe9SvK7aNzQmPH_00mNX8huOaqYeGT8VsQtDIQYCHSDnxCQfZDhSyXLsH65aLblbYS2aCHst8wMF8Xf1mMjdTcNfIRW7qX2vLMGKc9RtZZOdfXyqZ1V3GrLJYW7TMP5G6rTv9v0YUtfPMnuitK2ZBUsHDwl3Q1YGTPltdudqm9G8MuTTZS7vCzqqa4kOpH9chvSkQMDc6tIR4qSJH27WJO2vassGpHpvaaoLsGBSCjvd1CCKoSnEhAXKOSpMjbWEufyp-quB87LPUNLJhDemRsxu6zAIGm05xarxdUoo5Y3ggePEnz6JY0wjYeQnRnQnaIEp1VAa3maAggYqdfRIH67eQMst-URq0cmw5v0G1XdxBEPIeT1isgvvHSCeSP92PbROJFgRd6PGjyEB084jYSP3QcpCpGJXgQVtYY3fdw-AkHOJX8Kk1YLzdtg69iztDlBBh8sKQlAuXJdR52m93MXjShvu7lS9V-iPxTv2q4kdKEC0c3NF9snZNsIsQlHVo1toY1EOCxNkUAaVYp2R6wNBV6hfZ6nkEXMpAJiSPQOCRqfpwz4GnQ03C88M21Ig48-kTjEvQC4TxAvyQwA==&xkcb=SoDH6_M35fvks823WZ0KbzkdCdPP&camk=nUmJqO2E8riUCsx-msAf-w==&p=0&fvj=0&vjs=3,Urban Solar Energy,69100 Villeurbanne,45000 - 55000 € par an,CDI,"Du lundi au vendredi
+1","Employer
Employeur actif il y a 3 jours",[]
Développeur PHP H/F,https://fr.indeed.com/pagead/clk?mo=r&ad=-6NYlbfkN0CfWOTv7HL4H-SLE9UWm0NNynZpn36v_sURfg0uRK0AmkVRTPsbckEBGPxt_ZWQ88_an5CA7lmPRUcPGWUmmMo-FY1g-jGS8-LqSwD_0sYAu8rg0B_nw7IrzqDpaZTrP5gbczfBzwIWCOD4Zpk2dPh0vGSw5Nx_QevPCczZ7bk0W6n7iDPP5IeeKZHKIOz03LqqeZINjQAr062Hmp4jA-_imzxUHHI9VQ8WFFIV-vlvT38isH7xJYufwa4iLOtZY_VUOLvFiFeR9TO6Z5zh8rJW0yuqHed0kecHO8kEWX3ZyFJZlB33fXIsac0cz-x3CwWmqajNq5CUJer0ugX3Kvkm4eZURecvEgsmaepcVlvy-s0ttyxBrhYOOIdJ61_a8fOmJS4yJ__AvaShYB2pEaXmB7-w3LMDz-viBrkILdbbrd9tYMn5T8Dn81GufOIRAtBwT0wgLdFpkJ5JI7-29i7rGXGL5-wpMFbh7HirtoocrRYPiHe2QBWhzhmiN4Yh-23moqHoG03aIwogxC6tgzPJpdon-vByMvn45LD0-9sRGaDVY3bECQOyFKk0qaNacYTg_zJpBIblryC8HBY6Z3gHXFEvl84HHVMgBkHBSiAGgrOwu4FlWM4WMJWsREjmWgKIrBzXYbU67yeg_QGlpGcHML9IFIH6paI=&xkcb=SoBa6_M35fvks823WZ0JbzkdCdPP&camk=nUmJqO2E8rji9Yg3jMPj0A==&p=1&fvj=0&vjs=3,Groupe Valority,Télétravail partiel à 69006 Lyon 6e,35000 - 45000 € par an,,"Temps plein
+1, Du lundi au vendredi
+1","Employer
Employeur actif il y a 4 jours",[]
"Développeur full Stack, connaissances + expériences pratiques Prestashop 8.1 et SYMFONY",https://fr.indeed.com/pagead/clk?mo=r&ad=-6NYlbfkN0BeEt9O3qnih5ZhNjrsN5TSOHajlW4ko8o1g6zewn55vtdyw1esOA10BeQb4jYPICeq4s549dGN1K41lAIsmzHEvqBt-4e-yp7wM-2DTbFda3e-2cVjKN4NvsgCxa1xM3EG59XwKx6IGR9hAFSaqTySmfEUfUPGi9RcQHlBVsDMP0Hkay7DSkh6PdzVj6hK-cowJ9OnHJ9T54iZY_ZihpQW88HHBKuTIk1OXoNe6vvw-r7Zw97mD7DGhnZ2m8pZXkzkOoUe9jVMVetjgs1sR61OYGDJfzeK4NjvAuI-NtQwxEyLtqUDVYmkhn2sKwRrH90ZNl_PeNm_WIZk5b54Y2d4YuW34JOKaNBm_7Gtosy43OAiyhrEKs8U3_COfJenHFPfEN4SvcjXidBrkOsTFcvXuf6lrTtXUZLJMXxi1cQgTpqhpWA36YIDE6E6uSpoWN9ZZk5_M7cqXt-x5Xb-R9Eem_1ouFiYRj1cWSQizFtXmfsww3S8B9SsHTxxZBqXxTxfBBKD1bE3QpcbgJf20cKFRjGhF3c50bCe7nkxb5lcaumoYWdmMJgkVUlwbNbM2BMxfNdbJ7fjcqChSvUmT1Lp7RYDDKE-sLhk6N0Gwi8DEr8Pg9IyuEGQLre_sCL2XmZ0qpHs3mHVQZx6I1s43btiE2T8RgMcpWcpQtRDtWBHUKt2GApf1iubaoY2a0E3YQ7syr1ynv2KpuqVSngpICwzLvVq0L52Lgl-nbylVXblgfOOQOLa1mS8&xkcb=SoBg6_M35fvks823WZ0PbzkdCdPP&camk=nUmJqO2E8rgSvu7BtUk39g==&p=3&fvj=0&vjs=3,NATURAmedicatrix Sàrl,France,33600 - 42000 € par an,,"Du lundi au vendredi
+1","Employer
Employeur actif il y a 3 jours",[]
Développeur Java (senior) - H/F,https://fr.indeed.com/pagead/clk?mo=r&ad=-6NYlbfkN0AeG-Kxhanbnd7cO26mdiOlz8f3fXxLlzO0wcSgIiDYxwXY6TptQLus_H0KVR1WBZPDl40fJw_2ORoVFEW6P1rcgR3D5R_fa4IRZeYwUJt1TYl5kU-KqesWve1UqiB-Vv3lw2vRCR3qjRWSoWsdhFqHyE0S6KZq_IPaEvplIn7e-qpM-QUDbV0tOJIpZJFKe1DZQJGmZismTBqxYpZlaz5DeBDuBfTGENFGpTWdmIbdf15I15fhOOWEPtj8xgVFgEqjlbtko1FBEuuhsfyTw6l1e6pngCZze6x7uOXrluMzaEQT9qFo0y1WIXVenJ2KZRhsPgnYINGYnVcMGVs7TLMahce7xax2docHP52ENUWETNnMMKszSPtYJ82b-0HUpqkcqdzrK8fXJyPZtr2uLEgI7gtx5DXN1cGduSOsIdFtMom0DkNFfaZn2KhwYdg4b3VYRAEsU_te6dfQ9MRIxRJvT532KYkh8HLOJ3vHlBqC-ffwaqwWVCK8p3O6JegayOaWoCv-ukcusdchcRPpOn6CwLI4QpaRu6DiRIYOrAbNLrMqtfuWLQENqlG9_7Anj1-QMN5HPZuCZdw-K7vc2iYZ2tPWyK1kMscWhO_CBixykzRttLBJxmpiSdAZLa0ClOyxqcsXm-BDFWR1gKeDWyLJuIfeWKQoC_eWQlqYDFLEZQbR1KurZ2ZmcavYB0p86gx-am7LDaDe7uN_IhtL8zK8HdPwA-N3wgnLUcgu4N02rEKGzLDz1Yox&xkcb=SoCg6_M35fvks823WZ0CbzkdCdPP&camk=nUmJqO2E8rgs0iKyQZKQ8w==&p=8&fvj=0&vjs=3,HURRYMAN,69061 Lyon,45000 - 60000 € par an,CDI,,,[]
Développeur.se Fullstack (Node.js/React.js) H/F,https://fr.indeed.com/rc/clk?jk=2780a9d6bdb0a4ab&bb=aKEcHWx3WKqzR7gPDUT1k9Vl3bOwSZ0NoHYP-3rkcXgjz2bNR152i0KGlhNF17Kfh440JHjFItG_0ywo5w18XgeIma6vZGU7eHpnCSJLdCm71n5Sd4YCzXrEtVY2dQnl&xkcb=SoDJ67M35fvks823WZ0BbzkdCdPP&fccid=087b71a8e8c8011e&cmp=NORSYS&ti=D%C3%A9veloppeur+Full+Stack&vjs=3,Norsys,Télétravail partiel à 69003 Lyon 3e,37000 - 47000 € par an,,"Temps plein
+1, Du lundi au vendredi
+1","Employer
Employeur actif il y a 3 jours",[]
DEVELOPPEUR.SE MOBILE IoT (H/F) - CDI,https://fr.indeed.com/rc/clk?jk=e5706c5714097f47&bb=aKEcHWx3WKqzR7gPDUT1k_jhNz8FU-KtWIf28Kwv1sfzX6qO9QRz5-89M1mq3B5CVCuvhWXr__nL8pSp3v05W9jpcf-mrbqoWCRI72XmFq2Zq55YAQyVGwW-PV1rfhYu&xkcb=SoDz67M35fvks823WZ0HbzkdCdPP&fccid=a308b58f6954ddd0&cmp=IMHOTEP-CREATION&ti=Developpeur.se+Mobile+Iot+%28h%2Ff%29+-+CDI&vjs=3,AXENCO SAS,38780 Pont-Évêque,35000 - 42000 € par an,,"Temps plein
+1, Du lundi au vendredi
+1","Employer
Employeur actif il y a 3 jours",[]
Développeur React JS (H/F) - CDI UNIQUEMENT,https://fr.indeed.com/rc/clk?jk=564c54076240b569&bb=aKEcHWx3WKqzR7gPDUT1k5s7Se8Y3dff-YTyPK6GMHcd-07b1WhZFKy4KBn9zGu31M_-Ust81tpdLLeCCTife5oan_P2ZdD5-QglD7si8rG2_IYnFKXJ2Q%3D%3D&xkcb=SoBH67M35fvks823WZ0GbzkdCdPP&fccid=57dcfcf9cd559fcc&vjs=3,SCALIAN,69000 Lyon,40000 - 50000 € par an,CDI,,,[]
Développeur Full Stack H/F,https://fr.indeed.com/rc/clk?jk=caf8315660158f43&bb=aKEcHWx3WKqzR7gPDUT1k_jhNz8FU-KtN465WvvEVYNDJuBf85TiI7sTMAaDXSItJTUZTYh6kD0dslVZdwc4UhYYfJwhlTAgje9_tDNsGwlnxk7Wva4GHGFo5GQN5QI7&xkcb=SoBu67M35fvks823WZ0EbzkdCdPP&fccid=e7cb8d3e070ccbfe&cmp=Arkane-Cloud&ti=D%C3%A9veloppeur+Full+Stack&vjs=3,Arkane Cloud,Télétravail partiel à 69009 Lyon 9e,45000 - 50000 € par an,CDI,,"Employer
Employeur actif il y a 3 jours",[]
Développeur C ++ / DevOps H/F,https://fr.indeed.com/pagead/clk?mo=r&ad=-6NYlbfkN0Cx-IyWti293bTS8DoXXkar9fK08PP6m6yUTvQUylnsndojjT685lShqf7qPfZj-LuP_T3QPQZ9lyYbzclFQHftmyL6XS_dYzeAlixtEMsNx55i_1vwDUsNrd2v35KxIV5Xi3mBIu2xZvjsXy2SPFIl4AVOg0vq7bQ9c8e46plHyEJPTDyrgpJZzUArd2XuNx9lSTUZlzIJbzccWOWShaFt_NWyS9VMrQY31nW1mG0tbtNk3B5z7Dq7ie5fvNnfQl-Gvsl1zbkgzxb-w27wEajXBEgNxzyFIUQfGTbinLWpkgG_cFf2Kc05kh_kWhOWLXptV7Jhfm1YAfI0fc0KezaOwf0ux1s9YRof1fe0n7D_--MhDKT1-38QD1l8E8PsuURI7iqoQyY-Wg096J2VbiTQ9KJvqN41wNhgFdoefVSCieHie72iIjLqyjt6L0zs0CL88aKUl_NNK2OboTknWaryCrAyt3L3ILQITj5SRVcAUexnIB7Q7x7lVDTqLBiCm4yc3KCN6FbsYVdml2pQlaX6hLeXLpfiKgxNAT5UWUDpHCxZ2AT3BI_xSGOUCiSaiLaATv8FxIpECPXf0s8SmMJPHZ5NDMdMjl-hMpRnPu6cQyDi4kHSfP8-LN0J0s_u0TWfycEdizXbB6jgdPo0EtsYFmmxV0djl-ya7AxFSs3jx83UeMMjJiYYbPPcwi9ieg0MQKZj5FnuZMNCoh4cuhz_&xkcb=SoD86_M35fvjrrWWbJ0LbzkdCdPP&camk=4HOcmqOLYrCVcuwF20R-HQ==&p=0&fvj=0&vjs=3,Seyos,Vaugneray (69),50000 - 60000 € par an,,"Temps plein
+1",,[]
Développeur Java - F/H,https://fr.indeed.com/rc/clk?jk=d998f99f1193c501&bb=gsRkD-rrbmCjahCJSmjwn26fLy2xdnrXDbi-Vhl8-oH8eYzHUjugcg6o3jP_o8T7wERFGMmVSkTLiwBenwR-84D5b3fAu0tNWhXl4PmwSGvcTJL4uSZ8YV3laNI53cHK&xkcb=SoC867M35fvjrrWWbJ0KbzkdCdPP&fccid=9598807374ae5cd9&vjs=3,Groupe Softway Medical,Télétravail partiel à 69008 Lyon,38000 - 45000 € par an,,,,[]
Développeur Full Stack H/F,https://fr.indeed.com/rc/clk?jk=d30f15a10e540f47&bb=gsRkD-rrbmCjahCJSmjwn8MfFuAIZRkTD7gwy_S2AUvCuFUzXRIQOXwHKACVuV5BLXwiZzqgkcFtttBRhWd5oAyHAoVxg4Y-k0OjDrbMlTNtC9qlmN5j7HEBvoFg8dGn&xkcb=SoAy67M35fvjrrWWbJ0NbzkdCdPP&fccid=6512e066f36b2104&cmp=DIGITALISIM&ti=D%C3%A9veloppeur+Full+Stack&vjs=3,Digitalisim,69002 Lyon 2e,34000 - 34000 € par an,,"Temps plein
+1, Du lundi au vendredi
+2","Employer
Employeur actif il y a 4 jours",[]
Développeur C/C++ QT (H/F),https://fr.indeed.com/rc/clk?jk=afdb67f7803f3e0b&bb=gsRkD-rrbmCjahCJSmjwn7cftLFm8Rdmkqw0GYuU0FY_dNgDF9x5bVKrm92R-n3hEzVPM-wsh-4LerWhSDePK-iyZW9GLuazXXu6TPs3i7nfT9Q4lC2b9N5ycLmnZEr7&xkcb=SoCG67M35fvjrrWWbJ0MbzkdCdPP&fccid=261e2b948e67b474&cmp=CBTW-%252F-Positive-Thinking-Company&ti=D%C3%A9veloppeur+C%2B%2B&vjs=3,CBTW,Télétravail partiel à 69009 Lyon 9e,35000 - 70000 € par an,,"Temps plein
+1, Du lundi au vendredi
+3","Employer
Employeur actif il y a 4 jours",[]
Développeur.se C++ en Visualisation Scientifique,https://fr.indeed.com/rc/clk?jk=4d5fb7ecc4d1f713&bb=gsRkD-rrbmCjahCJSmjwn7aVAWVAUVc22lVP5-4Zq0mEkb1LPx1D0jJJpCirQUtaNuiUFfzdRJ8icizykhhs0304xkqJ-bIcVm_2UDIZCk5BCGZLeV54CH78MBkRvG5N&xkcb=SoB867M35fvjrrWWbJ0HbzkdCdPP&fccid=ffd98152d5e973b6&vjs=3,Kitware,Lyon (69),35000 - 42000 € par an,,Temps plein,,[]
Développeur PHP SYMFONY F/H,https://fr.indeed.com/rc/clk?jk=8a6d76f5c5ddb3e6&bb=gsRkD-rrbmCjahCJSmjwn7Mo-bVsctRlB8-k92clVkrDAH3DHYLKZjkaiZ4dEn24k10VR4WdaZRnpIyXf4YHxWImtuC1EAJcp0un5xc5Z4iNAGtmPLmuDmxAuBqMMa5g&xkcb=SoDI67M35fvjrrWWbJ0GbzkdCdPP&fccid=c4f84e8eaee88ca9&cmp=jeremie.sanchez%2540ikigai--groupe.fr&ti=Ing%C3%A9nieur+D%C3%A9veloppement+PHP&vjs=3,IKIGAI,Lyon (69),35000 - 45000 € par an,,"Temps plein
+1","Employer
Employeur actif il y a 3 jours",[]
Développeur fullstack Javascript (Node/vue.JS ou ReactJS ) (H/F),https://fr.indeed.com/rc/clk?jk=86a9968435a51d37&bb=gsRkD-rrbmCjahCJSmjwn0bn3aj5qjaXHx-JajW9ebnNEg5F5t7HwDScCxchZrmuWU6vMgO0QoqvfIVxJcq5qizzettqbMifKYNCPQboA4VNFdk6WOwsL81cnU2zmHR_&xkcb=SoBV67M35fvjrrWWbJ0FbzkdCdPP&fccid=261e2b948e67b474&cmp=CBTW-%252F-Positive-Thinking-Company&ti=D%C3%A9veloppeur+Full+Stack&vjs=3,CBTW,Télétravail partiel à 69009 Lyon 9e,40000 - 60000 € par an,,"Temps plein
+1, Du lundi au vendredi
+3","Employer
Employeur actif il y a 3 jours",[]
Développeur Windev H/F CDI,https://fr.indeed.com/pagead/clk?mo=r&ad=-6NYlbfkN0DTP3JEKD3P51OG93q-va_i-6Cx4xQGccZzhYguF8jDXZHZFPcm-W0xJjQj4N732ZUJnqwAYQGiVCQWmGvO_HnRLMb_Y9upPOpkR8v6ggwA1V-ZbBv6PKpVwHhZo6X3fEx7Iz-OzPgg0OMlYN9GoYaEEUYDpqB_dFLb_oJJ6_O51Pnu_o9pDWzt40wKBDvRdOlwA0HCH8Op0CS48UtyZ5maXUcGJJHp1xHCYbWonDz6IJc8TERAguOepJoK9q4Tk-Vbygpr2kAlCrMRxUclRrjwV3CSeVyd9O76KN8Viy7Cwyoc2UVzT1wLCQ3eztqFU396-rsDkQl5mJEAroat1k9IL_xmnOV8W7NrJfhkqIENBWAJ9S_zVeC_R_D2B2lVkbuneyqNLqGykC77q9T1vfA9kDRaOaV7n28ZWjBWHGrWRp0isb--hq3I1DDvX1GUMDylpNtWF0rCEAkC_g1YJXIwK2F2t91qV6K70-tnzUtDGZ_9paq1L63K_OosHc70pSAiiViOg1QJ-lA7XQpCBxbIei630MkYNXJBLj0gOcxIvibV0zKKe1qXYkayTmfTSzxHYaYrb64J6-rw2e1Lh5w3CJnce7mgLmvN2zv5Z3sn2JT7fNY_uGA6RoWPxPjzF8hgfc0tca7Ri4kXCgRNROaHoTQoo8Twpljmr42Kd_pCADueABmDOl7h&xkcb=SoCz6_M35fviWO2XRB0LbzkdCdPP&camk=nUmJqO2E8rgJ1f_-Gm3ehQ==&p=0&fvj=0&vjs=3,TCI,69230 Saint-Genis-Laval,22000 - 32000 € par an,CDI,"Du lundi au vendredi
+2","Employer
Employeur actif il y a 3 jours",[]
Développeur Full Stack H/F,https://fr.indeed.com/rc/clk?jk=9ae4b8f7bf965cd6&bb=C_uMShQ2k-yTJMqcGfhK_RMCeEtJWYLzoqqImcwvt_tK83kO8bJxbz73m09ywvEZm_ZKG46CvMwRKtOrkj3MlhHb5glmdc1G4yghmpsGRBnqWnvZCtrjYFJ86aPjn-pr&xkcb=SoCU67M35fviWO2XRB0CbzkdCdPP&fccid=f82290d14f4c9c7f&cmp=CompoZan&ti=D%C3%A9veloppeur+Full+Stack&vjs=3,CompozIT,Lyon 3e (69),40000 - 50000 € par an,,"Temps plein, Du lundi au vendredi
+1","Employer
Employeur actif il y a 4 jours",[]
Développeur Web Applications h/f,https://fr.indeed.com/rc/clk?jk=be3084c3d5d88f1e&bb=C_uMShQ2k-yTJMqcGfhK_Y7rG3H2goqnMSKwafrLSbNFLQnRy16OiWPKxdsJ4z7fhFqbt6teasUNEIYux62OLmWvw6yyxJaGFMVOah6gdp__tw1OkJmY8721F2yLokS9&xkcb=SoAJ67M35fviWO2XRB0BbzkdCdPP&fccid=66a20c33b6827739&cmp=S%2526M&ti=D%C3%A9veloppeur+Web&vjs=3,S&M SAS,01700 Beynost,30000 - 30000 € par an,,"Temps plein
+1","Employer
Employeur actif il y a 3 jours",[]
Développeur Vue.js,https://fr.indeed.com/rc/clk?jk=ed95f8a834ae8960&bb=C_uMShQ2k-yTJMqcGfhK_Vtzr_ovVYNzCzHR15eHiUdM3nNrpwwseZYK08OaYtdl7yswMPjd_Li-2PPzsfzBASotTvU1YtRHBVMRCUJMz1iBRDzzPmYoAPuyRWXv60Bp&xkcb=SoCH67M35fviWO2XRB0GbzkdCdPP&fccid=4d7ac727ec43bb58&vjs=3,LR Technologies Rhône-Alpes,69000 Lyon,40000 - 50000 € par an,,"Temps plein
+1",,[]
Développeur C# WPF H/F,https://fr.indeed.com/pagead/clk?mo=r&ad=-6NYlbfkN0A3EDrs52bm2vp8bLWJybbPCysgmuCmzMS6kmx_otXnWqpw_og-UsnweDqk451caWP-2Pt7G4Ds1kdSoHrPffPTcwujJRYCpSg4T3_fBRwHoZcOg9pk_4roLzc5oJIV8BM1KEqZS-Fb5eZTQPQqj6aQVaRvhziEl9Bm1d8fXp8ce62hKieA0QlZYr6j2eUvqqE-lt5e5ifXdP02DV4LRylWjV262neLLAz2Thh4T-xZxy8YAt6FVEaVnyGVGpoUPu9imwR4CFfJ195ZOR5UgUBafx-lCFmaO6rwmdsfrE1f2ctnx7QPzJa1BSxtGEelInjdW6JjpH_g9JGj9inJDohgtZJns3ZQOSohfk11iUeY29m5gmKgIngx-tLfOjrpJTJgSvd7UhqcBY6iUcBHmxiZVps7UfqFwQGMiv2l8kS9Pev-CTyZ_dgCLl3dV1PlOMGH2VrrLbedVWcRtU1L7anV8CD-uSA_3A5STIBhS9tcTiSwNKoRVg18O80JfIkDZRzzL3trwKaEO0bJZ9ODc2mLl5hLTCx2uQAzNJlAeS4qH2xgJcoNEs-SEIdphxlxlCkEexmAHtNv-xwIKriGmCj6YzJfCB6HCyJ4biySg4qQWx9ootNhOCy8tlMYTQX3Y2l18OcmcBPScFo_DpVPlvyR&xkcb=SoAC6_M35fvhVrWXRB0LbzkdCdPP&camk=nUmJqO2E8rgeJTMlkrerlg==&p=0&fvj=0&vjs=3,FIM Medical,69100 Villeurbanne,40000 - 42000 € par an,CDI,"Du lundi au vendredi
+2","Employer
Employeur actif il y a 7 jours",[]
Développeur Fullstack F/H,https://fr.indeed.com/pagead/clk?mo=r&ad=-6NYlbfkN0AkuNvOGGG7Kj9xxjGDWLWQpyfIE4p1Pd0oLv4-ZoxsMXp9QbvwJrBcDhRRHx02NhmtY_O23taXouXl6Ldi-e4WBIAtec-VVo5cAORQIci2ZWqmmMkXgjWNXTh9IIeh_gxvQ1JYDnPwp6j1jn7-2_ANjzFl9s-nvDqy6A32XWIRSN2UUJ9r8KLiUqhdMYWUrcOlzIcBlj8UxrFN9-cBXi2yenQqmgl1Tn5CeRQChIkRTShzkL4S1aZ7ls5ArybFLNB15Ud2pb6_rlVZbyKqRlzGGyrvjkdv3QqOr1GNOd-t1gudWHuYlupDCnYoV4qw7OsN4o1-zX6WCDIatioBGQhEaFrJcznB-dTy78yqf6UMcgtpyA5v1qR9TSGNw62v5SO6_PJmNtkjzwvylfdU7Sb2QeGc3PumhrD3IG6gRXX_bCcEkXpJJ7bZ4OlYsuQjrhGFRD6Swa4Kh9sq2u6uQzCXQrnZQ6oqyc2lSNd44DUm8hBUBzQgVd2ZYHd7WD3esA4ZNcVQekdfkvkJLt0f755Mgrmh4H3bmQzxdfitQp2KQb7gW2KXEw-xkRFGF0Q8u1K0bsMKYm0tWXS_AwoI0jUqK2kJ7bN-JutfNZY36Stl3eMsrhpeRy03-jj524AgQTu7E9MS9DU5dFoPtfJ8eRWdpwa_vZUaj5U=&xkcb=SoAr6_M35fvhVrWXRB0JbzkdCdPP&camk=nUmJqO2E8riCdtznDiTYCg==&p=2&fvj=0&vjs=3,ANTIDOT,Télétravail partiel à Lyon (69),36000 - 45000 € par an,,"Temps plein
+1, Du lundi au vendredi","Employer
Employeur actif il y a 3 jours",[]
Développeur web .NET - F/H,https://fr.indeed.com/pagead/clk?mo=r&ad=-6NYlbfkN0Cx-IyWti293bTS8DoXXkar9fK08PP6m6yUTvQUylnsndojjT685lShqf7qPfZj-LuPpt--n36pWkv1DZUF_JDvFrnHG8VVzcsR-O92ccHFTQ8A8K53SAIDP7Xg_wkjJvK9-Kzd0NyC_Zj-n9hraPhrwWCFBSicyyyXnIuQaOO9XxsRCqGcjsLTvKS8l9r_gm0Vj7oWUgGe5B5RYwXXaT9zF87DM4E2rwc8xg5T6gvl4m_FlZt86CSwG2PgpD3oz2627UAif0pV3qbVoHouMQqNHcRJx6yoe_c0ACh2sbA1wBu6pGZWOUsVcU3vQCaLfvvYtS9OVk7C4_vewcxBLe8MeX6ONhF4sic7jAzdoLovO7iA91lMXC8hDSq7SNYZZhubVqhA2kv9zGVBG6sFRswbT8Q9G4zPUmRPwaHaszb9FxH2vE579rSS5SUELzgr8bEtsaFOV7NrCw5zX1Yu5qwQgCtQFA2RJYywbOCkmVGEUSVNXwFk897hAtKj6kQMY2vHUpv9JLW2bx1la7LCOKE6swhPx-AH8-Ndb79-AHMnuLxmKslHHeJaOgaMVd-30cr2kcxcpJg_4t2b4g9rrLEhAA9ZctmjreKunhh5BFRUW5ipq8m81Rv157svxu7m-CYhyS1ScOO8NRnHzwRShTAjL65AgYxXpgf2VQNiTy5_Hro0nBID-wBnW7rj4LGLbvG_Sv8YsB2JHw==&xkcb=SoCf6_M35fvhVrWXRB0IbzkdCdPP&camk=4HOcmqOLYrCVcuwF20R-HQ==&p=3&fvj=0&vjs=3,Seyos,Brignais (69),45000 - 50000 € par an,,"Temps plein
+1",,[]
DEVELOPPEUR PYTHON (H/F),https://fr.indeed.com/rc/clk?jk=e1f3496e26813350&bb=kCnB87Cp5CjHtoqhAJ6jElBF_a1WYpb_zaDuJU56vn2ecpeQtiFoRocikbrWxoeY0yERSsNb-x0qJdDT14EAsg8KM--5bAU9e1cNTGjYJXRfDTn-mGzWYI0oCOAhP0lt&xkcb=SoCz67M35fvhVr2XRB0LbzkdCdPP&fccid=57dcfcf9cd559fcc&vjs=3,SCALIAN,69000 Lyon,45000 - 50000 € par an,,"Temps plein
+1",,[]
Développeur PYTHON (IT) / Freelance,https://fr.indeed.com/rc/clk?jk=a62c4bbadd757329&bb=kCnB87Cp5CjHtoqhAJ6jEvlov_xrah5P3PtsYZL8iIF_KzDYw29gK4fc_EkOiHwd3_tB6krdbVhFGCOIq5zA-R1PSN3PfgxN1A9-5x6HGpNdK0pDiIJGsg%3D%3D&xkcb=SoAu67M35fvhVr2XRB0IbzkdCdPP&fccid=cc7ec35a8d7fc7e2&vjs=3,KEYNAN,69000 Lyon,100000 - 112500 € par an,,,,[]
Développeur Vue.JS,https://fr.indeed.com/rc/clk?jk=1a6829f836934634&bb=kCnB87Cp5CjHtoqhAJ6jEvpMFxZICrYjlJ5XFZs204Xof0ZDND0b__h_Uo4j8RsF19uWkfdoMDExpesGTYdJMmGUaWhNOzVSTf-1kIvfrUI8YD7nBgIMfrWSvvWFn1Rk&xkcb=SoCg67M35fvhVr2XRB0PbzkdCdPP&fccid=3aa466c68d861d25&cmp=TimTek&ti=D%C3%A9veloppeur&vjs=3,TimTek,Lyon (69),34000 - 42000 € par an,,"Temps plein
+1","Employer
Employeur actif il y a 4 jours",[]
Développeur F/H,https://fr.indeed.com/rc/clk?jk=64af65d337e8f43d&bb=kCnB87Cp5CjHtoqhAJ6jEvFG6c2lviLtyPEF3K5AoZq5vhM2-Df4-42x94FeLRY7x8GB3Lq3W3FPK-JnAh_7np9eHjTq6567ywMO_e4NJhhN9jcuMCqmhBlwmGy_4sNU&xkcb=SoCJ67M35fvhVr2XRB0NbzkdCdPP&fccid=f5d7def4a3f246b3&vjs=3,Groupe ADENES,69003 Lyon,37000 - 44000 € par an,,"Temps plein
+1","Employer
Employeur actif il y a 4 jours",[]
Développeur React (H/F),https://fr.indeed.com/rc/clk?jk=911b4ceb2cfa7b03&bb=kCnB87Cp5CjHtoqhAJ6jEsV3UbmLIb9nOxaLR6O9w8IlGpIVmnhn2FsgG05ASB5yH0rlQlGeEXLpuzqGcKVpW_7F5f2VVNTL9IMkQw-ML6pnK9g5_K6ZPTO8RJKJzy1J&xkcb=SoA967M35fvhVr2XRB0MbzkdCdPP&fccid=28dfebbe6253c32c&vjs=3,Eddy,69140 Rillieux-la-Pape,26000 - 40000 € par an,CDI,,,[]
Développeur Full Stack H/F,https://fr.indeed.com/rc/clk?jk=3e9fb2c38258821c&bb=kCnB87Cp5CjHtoqhAJ6jEqEv7K6X0kTYgmsPSsVuqSbn5Hw9ezMuFfBfui8uW9LMeWHguoOUAIQ8rqip1XrPRnoE6zoLS_lIjDRWGKbxeupNisIW6x8fRv6nrMHZC7nB&xkcb=SoBg67M35fvhVr2XRB0CbzkdCdPP&fccid=164a4d71383f5aab&vjs=3,CHLORIDE SAS,69680 Chassieu,40000 - 50000 € par an,CDI,,,[]
Développeur web en Alternance H/F,https://fr.indeed.com/pagead/clk?mo=r&ad=-6NYlbfkN0DV_PaGyHeOP1G4EnEIr7wA4yP_rNq8Y4H5YW799P_9PMsBTGWTkuBcHYv7l_23qL3aNi500nabF02p0NfiPvMUv3kxYmJB_edRi4diVuYSHgGqbmtZ1-TW9-XxauR_oln2TNhk3joZ1SseGMHu1p_JXpniNkzZvkguKi60qajb6cfMu6LM18fwzRPA940pjGrm0fK60HQO7dv2ouWpCMjKSgMQ9dzQmvq2YKzdxnMAJifVg_eY0BEKr88Dum2q8T2ZZ683WRLajdiB-wW82yfwt3YRDvX-xI35Mok4_-xNoo1VmL9CxYKaaJf8IkVmr7Oa3Q-c0vYM6kn4ql1zjd7SZZwo5AuJLo39tXGnoSzST4bDt6_h2V7pGVsyrAIkLqJGPjSsJbI_niItk-EdC8DEk5CIJpAJ0fvxadDvE-WwcmvEVTm1r0F5cjKY7azAVnsYK5fAIU79HrWazGdwyXc_uALoAAiHk9xg74T5XTYnR5yxx65Ale_hrIS1bgytfU2eNScUdlYSWCMFMOxYetIBweYiPPPCKlMwARahcAIGbNaFaHfCN5VwC4LEP9bt4DMGTCoiWQtyhPM7aMujY5hRs-wCsjShk-40tooO48oGJWeY1STOAmAHPVaJmaNkU46lPNmg6OoGVh19jdOfzZBc7wJgOurbRWU2YolcDH2wyQ==&xkcb=SoDe6_M35fv-0sWWbJ0LbzkdCdPP&camk=4HOcmqOLYrAC7CHNS56J5Q==&p=0&fvj=0&vjs=3,Ecole Ri7,13400 Aubagne,24000 - 24000 € par an,,"Temps plein
+1, Du lundi au vendredi
+1",Recrutement régulier,[]
Développeur informatique PHP (H/F),https://fr.indeed.com/pagead/clk?mo=r&ad=-6NYlbfkN0AUnpoYyNpGEs9R7vFQS-VoJTl0onNtZ4jNfJSxlZaf9YSRnptGyKdDWIWf8RP_0QQUN7PU6u36JzRkPMHm--FMuqR6utAX-J2pxXuazfCEXc-zOf_YX8TmLsgf7bankdimQXd1P5RlzJdWm5Y2pTEQkmvwMC89xix2FASoXkOWYkIM1nijxpJTQ36jGzaMTbFhZzMMAkJgQaAbPC6Uu5xiPSpbTJd3Gfcqz6CB9wObGN2UPaRt3Klh5voFNHrL1huQb2dgf5baavXjxUQ0hYhHufHcyZPiKZKeP6PqdZGXGBuGU-qlQg7s3ycdtfc2bxBN0oSDAUY4SyMAkTYcdhVCnuBozzzp1Ydu_R6FNUL2eEh6Q-CnZTGagC3NA7xQPLonUyhYYqo3IUYJLUb1py-GUuu05GdcrVLbjHcKtvApxF4DfSX2mm6_iIS7emGKC-jZk2YbMvk2so4dTYOFe_k1IXp_jFJVSgQAox-wGbb34_T_YzZ1YSJdX_v1yQSLRi-vw6BG540XrsiUahBnwBo4BCWuC1VSM9F4lUCOo1ggYWueYANRV2dNkVxeV2rKs1E38_w60sicIsTeXsG4gBPRA8c4VfRjX_ych5b79odVzvhAc7ATxLdCTtJTTrcw3AkWVbOPTKApeY0Rg2l5ObDyV2wIMbjJt0hqI8O7_NB8ICV5zBED_Lbj&xkcb=SoBq6_M35fv-0sWWbJ0KbzkdCdPP&camk=nUmJqO2E8rhziLnG0vYOWQ==&p=1&fvj=0&vjs=3,1 égal 2,13400 Aubagne,32000 - 40000 € par an,CDI,"Du lundi au vendredi
+3","Employer
Employeur actif il y a 4 jours",[]
Développeur C/C++ - POEI,https://fr.indeed.com/pagead/clk?mo=r&ad=-6NYlbfkN0Cy5VedT9Ao5s13i2Vyons0L7ybZue0flb2bX4FPtUH1F7e8Z803oT5P04UdezdUcFkxq60s8vX44k2zq93YkmSpFbjPN4BEXubWroqD_WTwztzA7JFoRrAskZJZC9NABlSQETUZvk-uQOCIfZviOXj8Kd_-fKLi0s36BW9TT2_4tmdG9ViLwySyDFyfan8Gk_WskkeNVMblD71or8mWsSJbXSsCulJn2Y8kT8okQhHE0gL6euiTXCa_pfCITJyRnaj956Ql-An_PmZC79SQK_VxJW7S3iByBDgzoX7dUk5JUD-yewOTAic-Bad1g1QgLhN9cWED1fKIiLG3ci56AO3iz6-vUvcszDdlIKVnsoJhaw1iAOHNpsBVZOzafZCfQfOFLMTRiFVjs6IlNCVT0lR5aN1bd510ZiJhRJNdtAxiQ70l0XO5SViqgb2E3k2b74N4XoX6aFyR1wi-EO_2oC73IMp6pBtG-W2y44cEPTF0H_mVi5uY8GqqldRtJ8ui4l6XXtlx0Z2ZzJ6G4FgtZjQA128dwgRrpHky6UGnVgjXTiFetHLjQH9q63nQJxHmWHrLVGwDmAm083ao9OUMS6EvT7h-H9ihCOmYeNx9WroOMPljYx0pKoE_haMRGoCazpvkDjFv2luA4NUkCr4MxaarJB8--9SyA-PP0B1ANeGGg==&xkcb=SoBD6_M35fv-0sWWbJ0IbzkdCdPP&camk=nUmJqO2E8rhSiPNC845N7Q==&p=3&fvj=0&vjs=3,DataScientest,France,35000 - 50000 € par an,,"Temps plein
+1","Employer
Employeur actif il y a 3 jours",[]
Developpeur Web Senior H/F,https://fr.indeed.com/rc/clk?jk=d3fe3d570aecccea&bb=ZDyLbksWeOKy4SQ3sJDLtn03uKKz4v1AGOmIRPA_-V3nTQo3q6A8XZdsfryoJkrpMd2ar_R8th_dUfahvbNGy-dLknuO2vn6Qai-VOh4_EJaIQDoFOgD2kOWlRC8oEHp&xkcb=SoA567M35fv-0sWWbJ0PbzkdCdPP&fccid=63b336a7e62db4f5&cmp=Hellocare&ti=D%C3%A9veloppeur+Web&vjs=3,Hellocare,Télétravail partiel à 13260 Cassis,45000 - 50000 € par an,,"Temps plein
+1, Du lundi au vendredi
+1","Employer
Employeur actif il y a 12 jours",[]
Développeur informatique H/F,https://fr.indeed.com/rc/clk?jk=fbb1ddbea1e1143e&bb=ZDyLbksWeOKy4SQ3sJDLtv5SdTQyr7BdJeGktSBSHzch_lg6Ns3TSJ40LVt0KgDqzfu_AlJ58w30QO4d53QQNvqy0KmyaTvy0lN7qCUqBV9f3m_CqmCZgqPvMlUU_TIV&xkcb=SoAQ67M35fv-0sWWbJ0NbzkdCdPP&fccid=8cf34ec654febd28&cmp=P%25C3%25B4le-Sud&ti=D%C3%A9veloppeur&vjs=3,Pôle Sud,Marseille (13),28000 - 35000 € par an,CDI,Du lundi au vendredi,"Employer
Employeur actif il y a 3 jours",[]
Développeur (H/F),https://fr.indeed.com/rc/clk?jk=278e1814d70f287a&bb=ZDyLbksWeOKy4SQ3sJDLtgxkr3ZfIe_GGxkcdnRqtCMwh1MUmQ-evDDAMi4iXlWFsONmiOvyWRjizRFJdrK7WyZ0ybzNk4aRSbIgnrL5wbat-Mw1v96xeRp5eEYYnIydSobiJMvyQwk%3D&xkcb=SoCk67M35fv-0sWWbJ0MbzkdCdPP&fccid=2fd4dac02902a1ec&vjs=3,ACD Groupe,Télétravail partiel à 13290 Aix-en-Provence,26000 - 45000 € par an,,Temps plein,,[]
DEVELOPPEUR FRONT ANGULAR,https://fr.indeed.com/rc/clk?jk=ef9e64c298cd5005&bb=ZDyLbksWeOKy4SQ3sJDLtgxkr3ZfIe_G-qZpkZUS_vEMwJ6z8u9FcUbHSgQe0j00md8cMWCOkyNJcAeZej3RvQ_XnX9sgq_QN69Z4pZKIfKMXNNKZcB92A%3D%3D&xkcb=SoD567M35fv-0sWWbJ0CbzkdCdPP&fccid=05b8e6709ae2394c&vjs=3,QUALIS ESN,13000 Marseille,45000 - 45000 € par an,CDI,,,[]
Développeur PHP Symfony,https://fr.indeed.com/rc/clk?jk=32ac1a46ec88a65a&bb=ZDyLbksWeOKy4SQ3sJDLtiBWVodCyuhCFlC9xZgGAD85kKlWhgF_uDOLjocwW0jpvDGDwKKxPm32ejMY0i-4wa-spggeiATGMG8d8rWP2KaC9gTAoXDdvM5XMbGV4IUW&xkcb=SoB367M35fv-0sWWbJ0FbzkdCdPP&fccid=d9d40d9dbf8ce661&vjs=3,SEEKVIEW RH,13000 Marseille,38000 - 45000 € par an,,"Temps plein
+1",,[]
"Développeur full Stack, connaissances + expériences pratiques Prestashop 8.1 et SYMFONY",https://fr.indeed.com/pagead/clk?mo=r&ad=-6NYlbfkN0BeEt9O3qnih5ZhNjrsN5TSOHajlW4ko8o1g6zewn55vtdyw1esOA10BeQb4jYPICeq4s549dGN1K41lAIsmzHEvqBt-4e-yp7wM-2DTbFda3e-2cVjKN4NvsgCxa1xM3EG59XwKx6IGR9hAFSaqTySmfEUfUPGi9RcQHlBVsDMP5DPP4Ytm3ACM5pPyZNTYs92i97A77q3OLWIFx57ST4iI2Mot7B2NFbd1s8t-DKcym3OJ_zCempiQ151MsT1E4hL1KSulzK4o_ieCK8GyUgJrajtmmCeg5izGnSM1MMZwFquN9VLNv6Tx-39S7w0iplknPuZOGDOY0aDAiarXgKwg3aT8aXS0GXgcETjQ4fzsW4lq02GP756MiQVgB9puxqcB4Q6ecYP3c4K1yRP5heR4DLzcehb5LO04Vh2eueDQc08nSXU6fAwpzW_q8B8FFw3zKFrrscQ9t_BKfCv_SBWXlvKz-t42s_0ZiVzm7CdKVBiRjsOHiHJBKoLTAe3P8wE65LO504rh447ZF7OiYiP1yAcCVKWmM-HXsdcep728bVwMmhjaE1aqXjRZJOdmPUe_sZHlEXwaIEIgpe2NUsbmSpSVvjYCcy87qSNx_TnNDdyfbrRLxCZFv3U9lKPYd1GPRa41osZikFbnQKOn0crox6oycQxoZnzAyxhX0YUhy1wQ5RPtGlfVn54b__YuF7v60jwnksAqpjKKByWw-_6W-QJatAGTg5M_F5dbCQTRwHK8ifgZh_y_RMR-iJhyek=&xkcb=SoAa6_M35fv-BO23WZ0JbzkdCdPP&camk=nUmJqO2E8rgSvu7BtUk39g==&p=2&fvj=0&vjs=3,NATURAmedicatrix Sàrl,France,33600 - 42000 € par an,,"Du lundi au vendredi
+1","Employer
Employeur actif il y a 3 jours",[]
Développeur(se) confirmé(e) FULL STACK (H/F),https://fr.indeed.com/rc/clk?jk=7eb8f242faa75e94&bb=pnGOO6ovHqSTgyFJHsiFibjg6fh9qLV3On97TexBwEwnY7wm99zbSy-0mI6Inw9aL5_RoDJQNvpr0vRjdiHfDuHGT35ORg6OBMVzUf532-zFBbkrjImcAShQuxoOZWQq&xkcb=SoAU67M35fv-BO23WZ0CbzkdCdPP&fccid=7278ac18735ffb72&cmp=AGILTECH&ti=D%C3%A9veloppeur+Full+Stack&vjs=3,AGILTECH,13016 Marseille 16e,41001 - 42836 € par an,,"Temps plein
+1, Du lundi au vendredi
+1","Employer
Employeur actif il y a 3 jours",[]
Développeur angular h/f,https://fr.indeed.com/rc/clk?jk=5ceb4e9ca9aa09f5&bb=pnGOO6ovHqSTgyFJHsiFidjfF9rJJD84Ltc4c3D3-Ff_v-XOvLLEAQ-LC9WV11XcImLG2A_DGaekgFKjdvVZLhGFNV5cNMC2V-wLSKkpl42WZrKgEVSvhg%3D%3D&xkcb=SoCz67M35fv-BO23WZ0HbzkdCdPP&fccid=bb972828c2e388dc&vjs=3,NOOEH,13000 Marseille,28000 - 50000 € par an,CDI,,,[]
Développeur Sénior PHP – F/H – Marseille,https://fr.indeed.com/rc/clk?jk=73d9884354d32af6&bb=pnGOO6ovHqSTgyFJHsiFiWBZlAdyc2YeZQvGFOiHvm8J-9ZVl4zZ_MxMy3KGp74VViJKKpVxxf68sUkhu9akrpY2SEzrPBGbCAtt6klOsfwmNMOfdXus6fYW55JbKHT-&xkcb=SoAH67M35fv-BO23WZ0GbzkdCdPP&fccid=3acf0632d3a7d269&vjs=3,engIT,Marseille (13),45000 - 50000 € par an,CDI,,,[]
Assistant Développeur software embarqué (H/F) - Stage,https://fr.indeed.com/rc/clk?jk=4668484804cbdf91&bb=4vIHbCrOi_7ofeeaL2HL5VQiw9oHA2RhyxQy6aAfKcjtxs_sj17x1utDl5pjKMoIgmpMQ93HzLaihztA6_zt9rcihVMdIvZmzwkGBRk74Qv5m65csS6wEcJh3MuxZpCq&xkcb=SoBx67M35fv9KuWWdh0IbzkdCdPP&fccid=04bcee934a349d51&cmp=Unistellar&ti=D%C3%A9veloppeur+Logiciel&vjs=3,Unistellar,13008 Marseille 8e,10800 - 15600 € par an,Stage,"Du lundi au vendredi
+1","Employer
Employeur actif il y a 3 jours",[]
Développeur back-end H/F - Aix-en-Provence,https://fr.indeed.com/rc/clk?jk=31666b02c211fe1b&bb=4vIHbCrOi_7ofeeaL2HL5Zi8Xv9hzVfs9x9QJSwTK3M0aQlqlnC98epTzxOZS662cg2kH3rGNKUeaYYQP-nEnZ1qFEyf6Skhn1y0wf9_YBLgf3qqv2Nr272uNlheZtg6&xkcb=SoD_67M35fv9KuWWdh0PbzkdCdPP&fccid=dd05244e83dec407&cmp=CIORANE&ti=D%C3%A9veloppeur+Back-end&vjs=3,Ciorane,13100 Aix-en-Provence,40000 - 44000 € par an,,"Du lundi au vendredi
+1",,[]
Développeur Java H/F,https://fr.indeed.com/rc/clk?jk=c800a9e619445392&bb=4vIHbCrOi_7ofeeaL2HL5ax-GE8z7NL1JYSp962q1xkB9DjaL2qpnW1NVhCeH0IWI0gH1L7b_YLMgFtyh-kCFExvBazh5h5l6brx4z10-ulAaZfz0Z36gA%3D%3D&xkcb=SoDW67M35fv9KuWWdh0NbzkdCdPP&fccid=a3dfd37a59c1fd92&vjs=3,PROXIEL,13000 Marseille,33000 - 43000 € par an,CDI,,,[]
Développeur .Net/Angular (F/H),https://fr.indeed.com/rc/clk?jk=4ae353780d00ad74&bb=4vIHbCrOi_7ofeeaL2HL5RfJMe4WqPsk2wmvOso3eIfwbh0CRj_Hva6jwDKpP_XrTFT6eGmsHEK2u7BjT-5iVcFxiaPgA54I2MFZ3e4fZj19fWJcalx5XAeCK64rLa-T&xkcb=SoBi67M35fv9KuWWdh0MbzkdCdPP&fccid=7be006c2292d9c52&vjs=3,Altea,Marseille (13),40000 - 45000 € par an,,"Temps plein
+1",,[]
Développeur .NET F/H,https://fr.indeed.com/rc/clk?jk=525855f59903bf89&bb=4vIHbCrOi_7ofeeaL2HL5bUUVmf4uLApnBpv3aHk4GSOciXHTlvrSnPvRPPf5LRlZcXLzTKFDbF6q12tcbnPXjh-T7hhjd7hWzYPkfb4C9ah02UNBo3ntieLcObzChXI&xkcb=SoCL67M35fv9KuWWdh0DbzkdCdPP&fccid=466cfb35ba185b0d&vjs=3,Groupe Interway,Télétravail partiel à 13127 Vitrolles,40000 - 45000 € par an,,Temps plein,,[]
Développeur Java (H/F),https://fr.indeed.com/rc/clk?jk=48b12a45314eb5ff&bb=4vIHbCrOi_7ofeeaL2HL5dO22SVF6E6VoPrBs3CGHwAJWbKVhxUm-BKzWbmXVmKAdmn9jUdO1GYMtX2A5PhwH4KQE2l6ouHXn4lrO163vUZdQAQOOpRVeN0SxdpTffyf&xkcb=SoCx67M35fv9KuWWdh0FbzkdCdPP&fccid=ebbf23842686a639&cmp=Caraz&ti=D%C3%A9veloppeur+Java&vjs=3,Caraz,Télétravail partiel à 13008 Marseille 8e,60000 - 72000 € par an,,"Temps plein
+1, Du lundi au vendredi
+3","Employer
Employeur actif il y a 28 jours",[]
Développeur systèmes embarqués C/C++ (H/F),https://fr.indeed.com/rc/clk?jk=b3d0b8daf6aafa75&bb=FuqwVfJab2M5rlTJa1rWlqIpY2oieoe8TctR7Fcq11hwJgvVKyxnap_w-e0BO6htcpohoQ3-emBuLUFVFniJR1ga0Tze392nys06V_IyyiV0_DN-omOdfOhjyUvQYmWs&xkcb=SoCi67M35fv8ItWWdh0JbzkdCdPP&fccid=093656436f972fe6&cmp=SparkyFlow&ti=D%C3%A9veloppeur+C%2B%2B&vjs=3,SparkyFlow,Châteauneuf-les-Martigues (13),45000 - 60000 € par an,CDI,,"Employer
Employeur actif il y a 13 jours",[]
INGENIEUR DEVELOPPEUR OUTILS (H/F),https://fr.indeed.com/rc/clk?jk=4cbfd477ecd64d67&bb=FuqwVfJab2M5rlTJa1rWls05vph6Clo5_6O9QEKtibY9ke4ixzjZ2XmtVJCZl-TxNcDzab1xd6VZKinFUhquoDE_-0GmqcWPprQ-MsZb7YBK1fr68tUwUAmiD18StWyX&xkcb=SoAF67M35fv8ItWWdh0MbzkdCdPP&fccid=0a93917281835c59&vjs=3,ARIAL INDUSTRIES,13127 Vitrolles,32000 - 45000 € par an,CDI,,,[]
Développeur Php Symfony/Sylius,https://fr.indeed.com/rc/clk?jk=71cd2dce2d9c83ca&bb=FuqwVfJab2M5rlTJa1rWliruYA0dgtGgmaRGmo3dOcpau-aOY3QqdQ0Yf0qBMbMIOqwSQU3ahl5h8UgY74F962rxE6J_1aLogfR-eKEr49OOKyfnh_EEPXNusBKJgCGo&xkcb=SoBY67M35fv8ItWWdh0CbzkdCdPP&fccid=a1116e40c05475c9&cmp=Acseo&ti=Ing%C3%A9nieur+D%C3%A9veloppement+PHP&vjs=3,Acseo,Télétravail partiel à 13100 Aix-en-Provence,32000 - 45000 € par an,,"Temps plein
+1, Du lundi au vendredi
+3","Employer
Employeur actif il y a 4 jours",[]
Développeur Back-end C# .NET,https://fr.indeed.com/rc/clk?jk=fbf451fd8a8109c1&bb=FuqwVfJab2M5rlTJa1rWlqx9_gYEmyiGtRpHQhgxq5l1Gb7BVZ9oh6MowpOSJHPwFpuzUpLUvaHDHRjuO3un4pNpDNtIKpimSAEZh5eDg0p7SDbOFgh_qA%3D%3D&xkcb=SoBx67M35fv8ItWWdh0AbzkdCdPP&fccid=bb972828c2e388dc&vjs=3,NOOEH,13000 Marseille,32000 - 48000 € par an,CDI,,,[]
Technicien systèmes numériques - Développeur informatique - H/F,https://fr.indeed.com/pagead/clk?mo=r&ad=-6NYlbfkN0A9OCIFjB2l0zbUXswHobNJYIGoMNIjMH8n4MqorKwUtBLgGSqi7o4k3JarbUiSAscTLVKAe8bDmWayVUDV3royXes3OiwWDWtlcawd1ty57O4Mut72Gp4cZy15hIPTP3BuGyXFK7Ai47WcVtUJ_LJmE0mTbVXHs_oLIrcTtt4KDRi9IG-ZRjj6zJdqUsXE4uRQLD423n8iWc8bmbGVu37k-XvamrOyrwonBrN63vlo00dgR8Jqvvn1qjievTDYvTG9a550DU2seyK_OnM0sia_0mQTyff30l3QmC96U-PRY122xcdfuForY4_ydx5PtrnDRWLUxzUnnk7hafjLjbTm1X2pHLoga3RAHAQZnq95FWIP_3ipnIijYa-YtU1fbmZMgrvkJEt5a10luQOVI7WtCTZ8aj4XnAjl8lZEZv0dPorYWExCiEVNepxMSjC2GPVro_pmnW6l7M9cJEr8tCkIRsc2-hguNAVwkn7d5wOEMqx4bi8Ulg1jTqt-oYDksjW7ufzlSwpfNqwGNjqeGYG31tbMpvmKtHiDsRAgxGJPufrn6bk2McxeHWCl-z_xfFVHOySi3i1rSMoDyyxmWLfOdsudkYxS8OiZ2N5DWF16My_X_3XuUKGPgmphHB30DmUu_DAaVkD4Ro8itN0T_S2bHMvvfsemiz4YqDTejNbGN30tRMEziEo3HTT3ecW71HBppiBwwFXRg6e9FV0Hj3RcxEN8Pa3ZMDnSHiedpU0mfLQBAYzmHIjxzHB90ESEZr9jAivEMJPLm8s_dOR1SHB4&xkcb=SoA96_M35fv6082XRB0LbzkdCdPP&camk=4HOcmqOLYrDiXNWi5BKjDA==&p=0&fvj=1&vjs=3,Armée de l'Air et de l'Espace,France,21600 - 21600 € par an,,"Temps plein
+1",,[]
Développeur Full Stack Java/J2EE Angular (H/F) - Marseille,https://fr.indeed.com/rc/clk?jk=99499939716d92c6&bb=SniPQIO7SPTuUR84aVD_MK-RskzcQrInjkIMz6Tp3i9-sU1624FpyJcCUk0YfOYy4RkPOAjjEjstOSsu3_BGy2U5jghqULTmPRxaAXicfAbP9Ub0zQneLQ%3D%3D&xkcb=SoDg67M35fv6082XRB0JbzkdCdPP&fccid=9355d093065b9a46&vjs=3,Mindquest,13000 Marseille,50000 - 52000 € par an,CDI,,,[]
Développeur(se) Logiciels,https://fr.indeed.com/rc/clk?jk=2e9b809d107263ba&bb=SniPQIO7SPTuUR84aVD_MAdJhrkKHOeijDU53I3gSETNSFIlI7Yrbn9Zf8G88eAkT54K1nAttecTa5TQDtJmm1m7YD8U2T4k9oKSlMIZtypX9oUKWVnGhGXASE45GuMY&xkcb=SoBU67M35fv6082XRB0IbzkdCdPP&fccid=91f5f815e3392faa&vjs=3,Interconsult,La Penne-sur-Huveaune (13),35000 - 45000 € par an,,"Temps plein
+1",,[]
Développeur.se .Net H/F,https://fr.indeed.com/rc/clk?jk=764251f46e11d329&bb=SniPQIO7SPTuUR84aVD_MMz_S6vFvYjkRPe1NNw1bXkN3JTnex9e5WFy9H76sMOJETkcvGxTJh20Egj3e-ce5UK5LLAEXm0VZ3coU4vIZXB1h2jAtDdss2SNoU7Sr-6S&xkcb=SoDa67M35fv6082XRB0PbzkdCdPP&fccid=087b71a8e8c8011e&cmp=NORSYS&ti=D%C3%A9veloppeur.se+.NET+H%2Ff&vjs=3,Norsys,Télétravail partiel à 13100 Aix-en-Provence,36000 - 50000 € par an,CDI,"Du lundi au vendredi
+2","Employer
Employeur actif il y a 3 jours",[]
Développeur / Développeuse C# .Net Core FullStack,https://fr.indeed.com/rc/clk?jk=223e500578f9b2c4&bb=SniPQIO7SPTuUR84aVD_MBQvDGEFBBD07ve8yCqeaABKrHy8uiVCSLhhaPdX2W5PFhE6EtGNZSNGCPKOk98pkIhZ8iMiXm7fgNeMqb3o0B4WNyN0nTmPkfgouY2YB1Vw&xkcb=SoBu67M35fv6082XRB0ObzkdCdPP&fccid=9e74cff9fc12fd70&vjs=3,Index Education,Marseille (13),45000 - 55000 € par an,,"Temps plein
+1",,[]
Développeur C# .NET,https://fr.indeed.com/rc/clk?jk=71c39f1ff7807f66&bb=SniPQIO7SPTuUR84aVD_MBdij0X6bpNTSmkQfbvK132CfdywcyIt5f1yyiJ_7yCGN4dhfHtDj33nyOffhNtXSvvJaTs0R_Q-3G2CsdzBTQ7TagNgfUc_gA%3D%3D&xkcb=SoDz67M35fv6082XRB0NbzkdCdPP&fccid=9a9d904793ea73b5&vjs=3,JCL,13000 Marseille,35000 - 52000 € par an,CDI,,,[]
Développeur PL/SQL Oracle (F/H),https://fr.indeed.com/rc/clk?jk=35263f918a262b7f&bb=SniPQIO7SPTuUR84aVD_MJy6KaOqVgb0iYpgJXks2M0oHSpUzWoouOJWDqIawwyAzOUjTABoNCqBpwjuABvlCCrU4w7OUWlccc77hLlObBPImcjUAp9ovKxIK_GOG0V_&xkcb=SoBH67M35fv6082XRB0MbzkdCdPP&fccid=7be006c2292d9c52&vjs=3,Altea,Marseille (13),45000 - 48000 € par an,,"Temps plein
+1",,[]
Développeur administrateur applicatif – H/F,https://fr.indeed.com/rc/clk?jk=192625609d7c14d0&bb=SniPQIO7SPTuUR84aVD_MHxtHYp2i3y8sI77e98cB1fcTEi-jaKFM_1nCnSNyyuZDcosvPES0ltzGpcNfd8e01x6KxYxNRdjgn60XJvrUPV5gwk6Dl1Jqg3sqkovTBfJ&xkcb=SoCu67M35fv6082XRB0DbzkdCdPP&fccid=8a8a8cc9ba21e6e8&vjs=3,Régie des Transports Métropolitains,13013 Marseille,43000 - 48000 € par an,,"Temps plein
+1",,[]
Développeur Backend .NET,https://fr.indeed.com/rc/clk?jk=dfa622065bcf9653&bb=SniPQIO7SPTuUR84aVD_MMjsFwNk0KneFlf0GmRuVUD7eJoaqars05r6idgmyWKszuH0MOYgTGW0el9Rb-RZA-aacXuyHw43RCnaYVgRxzoA59THyxFgdQ%3D%3D&xkcb=SoAJ67M35fv6082XRB0GbzkdCdPP&fccid=4261510f986fbc51&vjs=3,Reactis,13000 Marseille,38000 - 48000 € par an,CDI,,,[]
